ID,Post_Text,Total_Comments,Score,Post_Created
sfnd65,GOT A MALE RED-EARED SLIDER TURTLE ,1,0,2022-01-29 12:46:56-05:00
rh07ar,"herps as pets for kids HI, I'm looking for evidence that herps are just as good pets for kids as mammals. It's for a class paper. Does anyone have any firsthand experience with this?",2,1,2021-12-15 09:22:29-05:00
pc1kos,RED EARED SLIDER TURTLE DIGGING & LAYING EGGS ,0,2,2021-08-26 11:16:57-04:00
pbyrwj,My frog ate a government surveillance drone ,0,0,2021-08-26 08:45:49-04:00
pa9gmj,My Ornate Box Turtles Are Copulating ,0,2,2021-08-23 17:38:35-04:00
p3yug1,FEEDING BABY ALDABRA TORTOISES ,0,1,2021-08-13 21:36:41-04:00
p3pujo,"Beautiful Yellow Bellied Racer I caught and released in my backyard! Central, Texas. ",1,3,2021-08-13 13:26:35-04:00
o1kke1,GOT ANOTHER ALDABRA TORTOISE ,0,2,2021-06-16 21:05:41-04:00
n42z2v,lizards fucking everywhere! ,0,3,2021-05-03 14:08:15-04:00
m8qo9d,"r/NYherping has been created! For all my herpers who are from the Empire State that has sub par herring come and join me!!
r/NYherping",0,2,2021-03-19 16:46:57-04:00
lki8y5,Wow. This frog ,0,0,2021-02-15 12:21:57-05:00
l4zmnu,Gecko won't come out ,0,1,2021-01-25 17:42:20-05:00
l4jgt7,"Out for a stretch, ignore the messy kitchen please. ",0,6,2021-01-25 03:20:22-05:00
kzgxtl,Bearded Dragon Discord Server!  [https://discord.gg/2MNf2BFKaS](https://discord.gg/2MNf2BFKaS)  (Newly Made) Delete if not allowed.,0,1,2021-01-17 17:44:08-05:00
j0l3lv,Does anyone know what our little buddy is doing? It looks like fun. Sheâ€™s in NC ,2,7,2020-09-27 00:54:14-04:00
ion3x6,I wanted to share this Northern Alligator Lizard I met on the Oregon Coast this weekend.. ,0,2,2020-09-08 00:26:48-04:00
i6ncxw,"These guys are so adorable. Sadly, theyâ€™ve become a species of special concern here in PA. That means that you cannot mess with them in any way, aside from moving them off of roadways (always in the direction that theyâ€™re headed). Eastern box turtle (Terrapene carolina carolina) Northwestern PA ",0,3,2020-08-09 13:35:27-04:00
h8f0hv,Help IDing! Is this an Eastern fence lizard? ,2,8,2020-06-13 16:22:24-04:00
gxelt8,MY RUSSIAN TORTOISE LAID EGGS ,0,6,2020-06-05 18:30:00-04:00
grm150,"Found outside of Austin, TX. Please help with ID ",4,6,2020-05-27 11:42:10-04:00
fww1n8,Defying the laws of physics. ,0,11,2020-04-07 20:19:27-04:00
fpwvx0,"Help with Salamander ID? 2.5 inches long, mottled brown, in a clear flowing headwaters of a suburban creek near atlanta. Found yesterday adjacent to rocks with clutch of 20-30 clear gelatinous eggs with well developed white babies in them. Eggs were quite large, >1/4"", and very wriggly. Adult too fast a simmer to catch by hand so no picture I'm afraid. I don't know the first thing about salamanders since we don't have them where I'm from (Australia). Would it be a dusky?",2,1,2020-03-27 09:25:26-04:00
fa25mx,"Found an Eastern coachwhip in Sabine National forest, Texas. Check out that cool coloration. ",0,8,2020-02-26 18:04:36-05:00
efmhfa,California tiger salamander I drew. ,0,4,2019-12-25 17:02:05-05:00
ed4dy6,"Brown Water Snake (Lycodonomorphus rufulus) from Melkbosstrand, South Africa. Harmless. ",0,3,2019-12-19 22:30:52-05:00
e5g073,"My best photos of 2019, mostly taken around Cape Town, South Africa (album links in comments) ",0,3,2019-12-03 06:47:38-05:00
djtnlm,Cuteness overload! ðŸ˜ ,0,3,2019-10-18 16:50:41-04:00
dgj2b4,"Hi r/herps! I'm making a herp-themed deck of cards over on r/taleofscales, and thought that you might like this card ",0,10,2019-10-11 14:18:56-04:00
dgl4xv,"Variety for your Friday, and Happy Hogtober! ",0,3,2019-10-11 16:53:14-04:00
dde4dz,Feisty! ,0,5,2019-10-04 17:50:07-04:00
da6ruq,"Diamondbacks, bison and prairie dogs! Oh my! ",0,3,2019-09-27 17:22:38-04:00
d70s70,Much â¤ï¸ for Thams! ,0,4,2019-09-20 16:38:18-04:00
d3wty2,Cute snoot ,2,2,2019-09-13 18:39:17-04:00
d1d4cj,Western Massasauga time! ,0,2,2019-09-08 12:27:08-04:00
cxnpch,It's a venomous twofer! ,0,1,2019-08-30 18:09:45-04:00
culcu4,Night vision noisy venom boi ,0,1,2019-08-23 18:57:36-04:00
cs2gbs,Sunday cuteness! ,0,1,2019-08-18 11:18:07-04:00
co8vx6,Happy Rattlesnake Friday! ðŸ ,0,4,2019-08-09 17:32:56-04:00
clqcgv,This week's treasures at the trash pile! ,0,3,2019-08-03 21:00:36-04:00
ci9w4z,Trash piles have much more than just trash! ðŸ ,0,5,2019-07-26 19:02:28-04:00
c3x451,"Found in Stroud, Oklahoma. Trying to get an ID, Thanks in advance! ",4,6,2019-06-22 20:51:56-04:00
bwkuau,Check out r/cuteherps ,1,7,2019-06-04 01:02:18-04:00
bb0buq,Looking for an positive ID. ,21,3,2019-04-08 18:50:37-04:00
b9g2ws,Looking for pics Can anyone share some pictures of a Gastrophryne olivacea tadpole's mouth parts at gosner stage 41? I could really use the help.,0,1,2019-04-04 14:00:31-04:00
b5ywon,Check Out The Reptiles At This Local Pet Store! ,0,0,2019-03-26 22:32:25-04:00
b2sbcr,"Lol they blocked me I said I had have  hsv and no sores. Simply because I have hsv2 they say that is being dishonest disgenuine etc etc... however i see no lies here I do have hsv and I do not have sores...

Any opinions that go against the mods here will be blocked I guess lol wow ",5,3,2019-03-18 23:27:11-04:00
a9d328,"Im here in uluru, northern territory, Australia. And am really curious who this guy is! Ive googled it but cant find this same sort of patterns. I was thinking central military dragon but i think i might be off. Any help please!! Thanks for your help in advance, merry xmas from the red centre! ",3,3,2018-12-25 02:34:15-05:00
9hld7k,"Moving cross country, need info getting our pets there I'm moving from California to Boston for work. I have:  
\* Bearded Dragon  
\* Ball Python  
\* Burmese Python  


I read that recently the ban on interstate travel for burms may have been lifted, but I can't find anything definitive, I'd \*really\* prefer not to rehome my pet.  But this is an emergency move, and there's an org here that can take my burm if that is the case.  Any help from anyone experienced in this would be appreciated.",4,2,2018-09-20 22:27:11-04:00
91dynn,Is something wrong with my girlfriend's tortoise or is he supposed to be this way? ,3,3,2018-07-23 23:42:18-04:00
8fv8o9,Rad New Reptile Discord Hey if anyone want to join my animal Discord for help and what not here it is---https://discord.gg/6FEd4y6,0,1,2018-04-29 19:29:22-04:00
8flfaz,Turt ,0,2,2018-04-28 13:39:02-04:00
8b1x1h,Eastern newt red efts ,0,8,2018-04-09 16:55:12-04:00
7scgcr,"I need some help here, people are truly evil creatures. So this is the only time ive actually posted to Reddit. I live in New York, and a mentally disabled woman in the Yates county area had a ball python she used as an emotional support animal. His name is Ace, and his owner was conned out of giving him to someone who said they would provide veterinary care. They instead took the snake for themselves. 

The legalities of it mean that her snake wasnt technically stolen, but she again has mental handicapped. Someone took advantage of her, and took one of the most important things to her. I really want to help her, but my reach is only so far.

 I'll be contacting the local media and the police department, as well as consult my lawyer, but if i can't get her snake back, i really want to get her another animal to bond with. She is capable of caring for this animal herself, and it is unbelievable the things people do to one another. 

Any help would be appreciated, i just really want to help this woman get her pet back. Please send some guidance my way.",1,5,2018-01-23 01:11:47-05:00
7rsbwc,My Juvenile Bull Frog Enclosure ,0,3,2018-01-20 14:05:24-05:00
7ouc30,Meet YOSHI ,1,7,2018-01-07 18:36:50-05:00
7otfhe,"Ball python vs blue tongue skink Hiiiii internet peeps! I want to get another pet soon and kinda need a bit of help deciding. Do i want another ball python? Or do I want a blue tongue skink?

So back ground about me: I've had all kinds of pets from your basic cat and dog, to a guinea pig then a horrible horrible mouse:( ( seriously he was a d*ck) I've have multiple rats which were my favorite pets everrrr!! Then I randomly went in a pet store and saw a Chinese water dragon named him Peckerhead ( my dad named him ha..) ok so I researched after I got him big no no in my opinion because I failed to properly take care of him I was young this was new I didn't know enough. Rip peckerhead you will be missed. Then I got a ball python Lucifer aka Luci from this guy. He wasn't very social and I must confess I was slightly scared of him. ( he moved so weird hahaha) loved him for a year or so but he had a rough winter and didn't end up making it. Not sure how he was cared for before but we tried our best to help him in the end it wasn't enough.  I also had no idea how old he was so yeahhhh... the next pet I got 3 years later was a beautiful bearded dragon  from a very nice breeder. Did my research for months asked my co-worker tons of questions..annoyed the breeder with soooo many more questions.  Bowser was the best ever super chill dude put up with my sh*t. He passed away 2 years ago broke my heart.

So now finally after that super long read you will see the point. I kinda want a new reptile and I've always wanted a blue tongue skink only ever saw one in person. I've done loads of research and I totally want one however I want to try again with a snake. Since Luci I have met tons of ball pythons and talked to their hoomans. I know what I need to do better this time. I'm rather torn... what do y'all think? Has anyone had any experience with having both? Or do you have one and think they might be better than the other?  Any advice is welcome and appreciated thanks :)

** Also please note I am much much older now and better able to care for them properly vs my young dumb ass self who just wanted a cool pet. ",4,1,2018-01-07 16:18:17-05:00
7luidq,Bamboo Ghost Spider ,2,7,2017-12-24 05:15:35-05:00
7l2udg,Crawling under houses to remove rattlesnakes ,0,2,2017-12-20 12:24:23-05:00
7hz4dn,https://imgur.com/a/qMl4o Help with Baby Snake ,0,1,2017-12-06 11:27:21-05:00
7h1wok,Juv. cobra feeding on wolf snake ,0,2,2017-12-02 05:06:07-05:00
7ggbcn,"Empty Terrarium Hello all! 
Iâ€™ve currently got an empty 1metre/50cm/50cm glass terrarium that is empty Iâ€™m debating what to keep in it? A ball python? Corn snake? Anyone have any suggestions? Thanks!",2,1,2017-11-29 15:17:51-05:00
7djk4k,"Reptile Room Suggestions? Hello everyone on r/herps

Now the advice you all give me here won't be used until I get my own place when I'm done with college, so probably 5+ years. However I've been looking around at reptile rooms and have found them facinating. So out of curiosity if money was not much of an object (future plans raking in that Sweet pediatric nurse practitioner money) what would you all suggest I get with the following conditions.

1) I live in Alaska, so aligators, monitor lizards, anything that needs/would be happier with an outdoor enclosure is off limits.

2) Nothing venomous or poisonous. State law and all.

3) ABSOLUTELY NO SWAMP FROGS. My personal phobia. Probably should steer clear of insects and arachnids too.

4) I will not be intended at first to become a breeder, so only one maybe two of each species.

5) It should be reasonable to find or have shipped with little (>$100) extra cost. And legal. Hey I managed to find an axolotl up here so who knows.

Again, as time matches on people change so I may never use this, or if I come across someone who isn't into reptiles but is into me, I'm taking the human. But I'm curious what reptiles comes up with for me.

If it helps my previous experience with reptile pet ownership includes:

* Nursing an injured snapping turtle that ate our wires when I was a kid

* Taking care of box turtle's I found on the road before releasing them when I was bored

* Some African tiny frogs that never left the water, my brothers gold fish ate their fins.

* Keeping a Russian tortoise (with a very picky diet) until he ended up running away when I was letting him play outside once.

* Working with alligators, an alligator snapping turtle, bearded dragon, ball python, eastern box turtle and Russian tortoise volunteering at a museum

* And my current pet Toothless the axolotl currently happy and swimming and hopefully will remain that way for the next 10-15 years.

Not sure that makes me high beginner or intermediate.",3,2,2017-11-17 03:46:33-05:00
7ckvt7,Five Reasons to Like Lizards ,0,0,2017-11-13 00:01:19-05:00
7a8odz,Does anyone know what kind of herps these are? I caught them at a bus station bathroom. Also how do you pronounce herps if there is more than one? Do you add es to the end? ,4,0,2017-11-01 22:38:25-04:00
79ypfo,"Tips and advice I've had reptiles all my life. Beardies, many chameleons, Green basilisk, monitors, and plenty of smaller ones like geckos and such. I usually build my own tank for them and I am looking for advice on how to build one for a baby green iguana. I have plenty of ideas but mine always fall just short of looking amazing, but always function perfectly. I am very good with tools, specialize in wood working, and am not shy when it comes to spending money to build the tank. Thanks ahead of time!",0,0,2017-10-31 16:42:52-04:00
72ekul,Feeding My Leopard Gecko Leo Mealworms & Eco Earth Review ,0,3,2017-09-25 14:53:00-04:00
6zntfi,Feeding My Leopard Gecko Leo Mealworms & Eco Earth Review ,0,3,2017-09-12 11:49:56-04:00
6ju93q,Your SPECTACULAR Feedback Deserves A Response ,1,5,2017-06-27 13:27:48-04:00
6hujm5,Viviparous lizard ,0,3,2017-06-17 13:10:49-04:00
6anhg5,"Here is some help for any who struggle with parents I struggled with my parents allowing me to get a snake for about a year and a half. It was quite a battle. Every day I would ask or mention it. Every day they would say no. Until one day I sat in my room and wrote a professional argument for why I should get a snake. And now I am getting a ball python tomorrow. Do not lose hope. Here is the argument I wrote. This is free for anyone to use verbally but if used in an essay or report, please cite me. Message for more details on citation. Without further ado, here is the essay 


I am a human much like all others in the world. I have my interests, and disinterests. And lizards and frogs are cool. Don't get me wrong. But snakes are where my heart is. If a four year old wants a red truck from the toy store but there is a blue truck for cheaper, what will happen when you get the blue truck? He will play with it for a while, but grow bored with it because it isn't what he wanted! But should he get that prized red truck? He would cherish it and play for it for great lengths of time. The same applies to pets. If I wanted a snake, and I got a lizard, it would still be cool. But my level of interest is not high enough to provide the best level of care possible to that creature created by God himself. In order for me to give a living creature the best care possible, I would need to be on board with it. And I am on board with snakes. So please. I beg you. Hear me out. Allow me to prove myself this one time and should I fail, no longer must you listen to my cries. But should I be proven right, you shall bite your tongue and take my word with more salt than yours carries. I rest my case!

By the way, this written argument can be used for any type of pet. The argument stands strong. ",0,4,2017-05-11 18:28:43-04:00
68n531,Hand-cut paper snake ,1,3,2017-05-01 12:52:35-04:00
67qok6,"Help deciding on a group of lizards to purchase I had a beardie who unfortunately passed away a few days ago. I don't want to stay sad and all so I wanted to turn his old 40 breeder into a community tank. I wanted the opinion of other herp enthusiasts on which one small species of lizards I could keep 5-10 of in a 40 breeder tank. I was looking at Viper Geckos or maybe long tailed lizards. I don't want something that takes too many specifics as I have some experience with herps but not the most. I currently have a long tailed lizard, green tree frog, and a leopard gecko. All of which are perfectly fine and healthy in their respective terrariums. So I leave it up to you, fellow herp enthusiasts, to guide me to the tiny lizard promise land. ",2,5,2017-04-26 16:06:58-04:00
67dd0z,"suicidal thoughts After herpes diagnosed? This is not me i dont feel like myself anymore... 
nothing make sense for me now i feel like I'm giving up... i been trying to get positive moods but its not working i feel alone having suicide thoughts",3,3,2017-04-24 21:07:18-04:00
64lqbz,Top 5 Reptiles For Beginners ,9,5,2017-04-10 15:22:50-04:00
5s500q,The cave squeaker returns: Rare frog seen after decades ,0,6,2017-02-04 21:06:09-05:00
5qawas,Best friends forever ,0,3,2017-01-26 10:53:00-05:00
5bicw0,How to make a lizard trap that works ,5,3,2016-11-06 16:59:24-05:00
598qg9,"(Australia) Central (Bredli) Python belly scale shed (suspected burn to sustained heat) My pythons heat mat was left exposed overnight after my snake managed to move the cover off it and as a result has spent a night on an unprotected heat mat. I quickly fixed the problem and normalized the enclosure. 

The next day he did not come out (usually sleeps on the couch) which I brushed off as a little strange and left him before taking him out the next day. A couple of his scales (4 or so) evenly spaced, some near his neck others at the tail, started to peel. 

A couple days later he was peeling all over his belly and started showing signs of going into shed (milky eyes, hiding). two days later his belly is no longer peeling after I had bathed him in warm water (with a suitable disinfectant) which seemed to stop the peeling. I have increased the humidity by putting a slightly damp pillow case in his hide underneath him to help with what seems to be a forced shed (and a bad one, but not too awful). 

Am I doing anything wrong? I have considered it to be scale rot (bathed in warm water with disinfectant as mentioned); but seems unlikely. He hasn't eaten since his last shed (maybe once) that was about a month and a half ago. His scales on his body are overly white but are attached and not peeling.",0,1,2016-10-24 22:36:03-04:00
590vf3,"Recently started taking care of a number of animals. They are very popular in my classroom, but I want to make sure that I am doing everything right. Starting with their tanks ",5,5,2016-10-23 17:28:31-04:00
57iwkc,Our baby chameleon eating ,0,3,2016-10-14 17:41:37-04:00
4r2bay,"Could a crested gecko and two tree frogs stay in a vertical 50 gallon tank together? I'm taking my roommate's gecko and 50 gallon tank and am wondering if my tree frogs could co-exist well with him?

They're all about the same size and it looks like the species all need about the same temperature and humidity",2,1,2016-07-03 10:57:56-04:00
4itewa,What is wrong with my poor frog's eye?! :( ,2,3,2016-05-11 01:11:01-04:00
48p62v,"Would it be bad for my snake to take him home with me for spring break? Basically what it says in the title. He's a five year old Russian rat snake and driving home would take about 6 hours. I'd head down one Friday and come back at the end of the next weekend?

Would that trip be bad for him? Is there something I can or should do to make it okay for him?
I'm trying to find someone to snake sit for me, but if that fails I want to know if that means I stay at school for spring break or if he comes with me",9,3,2016-03-02 19:04:51-05:00
4663e9,"A sad past, but a bright future. ",1,6,2016-02-16 21:42:41-05:00
460oz9,"I need help w/female leopard gecko, ~2 years old So my brother and I both have leopard geckos. I have kept mine successfully (no problems) for 5 years. My brother is 12 and his gecko, named sparky, is having a shedding problem. Apparently she tried to shed around 5 days ago, and he was unsuccessful in putting a warm, moist room for her. Now she looks as if she had tried to bite the skin off the top of her tail, and cut it. It looks ripped and scabbed. I just discovered this information, and have tried giving her a warm bath to help her peel it off. Unfortunately it is coming off in pieces, and extremely slowly. It does not come free unless I peel it. I did not touch her tail skin, as I cannot differ from her real skin, and the old one. I was afraid of peeling her real skin off. I do not want to attempt the tape method, because it is bad for the gecko. Does anyone else have ideas? Sorry if I'm breaking any rules, this is my first time posting here. ",4,2,2016-02-15 23:06:40-05:00
3x9gf9,Wow - Fire in a Reptile Shop ,3,2,2015-12-17 16:07:15-05:00
3ujvcs,My collection ,0,4,2015-11-28 00:06:58-05:00
3p2il7,"My Fowler's Toad, Agnu! ",2,5,2015-10-16 22:40:19-04:00
3lz37b,Any know the ID of these two lizards found in Spain? ,0,3,2015-09-22 15:34:27-04:00
3kxjbk,"I found this guy on my porch this morning near Dallas, anyone know for sure what he is? ",3,9,2015-09-14 13:10:32-04:00
3igjzk,"Bearded dragon question. So I feed my breaded dragon about a day ago I feed him crickets. He got every single one and seemed all happy and full. I let him be to digest. I went to give him dinner some greens and more crickets when I put the crickets into the tank he didnt move after them like he normally does. I figure he will eat them in a little bit maybe just was not hungry. I kept checking on him and he didnt seem to be eating. 

So to get to the point. He seems to act fine and move around and seems normal when I hold him. He wont eat and has been a day and half now maybe. Is there something wrong with him? How long can they go without eating? Is not eating for sometime normal? I thought they had to be fed 2 to 3 times a day. I am doing research but to see what I can find but figured I would ask here to see if anyone else has the same issue. 

Edit to add info about habitat.

Bedding is some sand i think vita sand.
UVB for the day hours normal on from about 7:30 am to 11 when I go to bed
Day lamp on the same schedule
Red night lamp on obvious opposite schedule
Feeding times are kinda infrequent
In the tank 
He has a half log to either go under or on top
a small stump like thing
some rocks/stones
artificial leafs
a hammock thing petco sells.
There is no back ground-Should I get one? Will it help?

I think last I checked temperatures were at were they are recommended ill have to double check again to get exact numbers.

I think he may be about a year old judging by length. He is also in a 40 or 50 gallon tank has plenty of room.

I am worried about him :( If I am doing something wrong please let me know so I can correct it and make sure my little beardie is a happy little guy. ",16,1,2015-08-26 08:32:28-04:00
3go69h,Saw this in a neighbor's yard. I had to stop the car and pet him! ,0,10,2015-08-11 21:56:17-04:00
3g53zr,[New Species] Venomous Frogs Use Heads as Weapons ,0,2,2015-08-07 11:56:26-04:00
3dmr9j,"Lizard-sitting, he got hurt, could use some advice (leopard gecko) I am lizard-sitting for my coworker, a little guy who first came into the shelter special-needs. He has a back injury and can't really use one of his back feet. I loved taking care of him then, so I happily agreed to pet-sit him when his adopter/my coworker went on vacation!

So, murphy's law happened and the morning I was to take him, his skin was bleeding. She thought he was shedding improperly and took him to the vet, but it turned out that one of the heat pads under his tank malfunctioned, of course as he was shedding, and he actually had some burns. I didn't handle him last night except to put on his ointments and try to feed him. I checked on him at 3am, he was fine. I woke up at 8 and his tail was almost completely detached! This concerned me because I was so careful not to touch his tail when I was handling him. I called her vet and she wanted to make sure he was OK, she took the tail off the rest of the way and I'm to put his ointments on his tail-stub now. 

My coworker is very upset (this poor girl is the sweetest person, she's great with the animals at work and has so much compassion, she really took to this little guy and wanted to adopt him so badly!) She's confused because she was always told that the undertank heat pads were the safest way to heat. Now we've got the heat pads on the side of the tank instead (per the vet's recommendation) 

SO my biggest question is, what do you think about undertank heat pads? What should she do that is safer, now that it's clearly not as safe as she thought? ",4,3,2015-07-17 11:11:05-04:00
383wqz,"while i was edging in the backyard this little snake came under and died. what snake is this? Does anyone know what snake is this (i live in katy, texas) http://imgur.com/yj1P2w4,aVo7iTQ,MgJT6PG,muefybP,8ZWdhRG#4 http://imgur.com/yj1P2w4,aVo7iTQ,MgJT6PG,muefybP,8ZWdhRG#3 http://imgur.com/yj1P2w4,aVo7iTQ,MgJT6PG,muefybP,8ZWdhRG#2 http://imgur.com/yj1P2w4,aVo7iTQ,MgJT6PG,muefybP,8ZWdhRG#1 http://imgur.com/yj1P2w4,aVo7iTQ,MgJT6PG,muefybP,8ZWdhRG#5",5,2,2015-06-01 13:54:07-04:00
30qoo6,"Eastern hognose offers up its toad lunch, which proceeds to hop away ",0,0,2015-03-29 17:55:50-04:00
2stm6i,"East coast cricket sellers? Hello

I'm looking for a reputable cricket seller on the East Coast, preferably close to MA.

How do you all deal with ordering crickets during Winter?
Recently we bought 1,000 crickets from Ghann; although we used over-night delivery with heat packs only half of them survived since its really cold u_u

Thanks a lot in advance! ",1,3,2015-01-18 05:59:14-05:00
2s9sop,"Question about herps in South Africa Hi all,

I'm going to South Africa in August this year, i'm going to be in the Northwest area and i was wondering if you guys had any websites or books i could look at before i go. I'd love to do a bit of herp hunting whilst i'm out there, but don't want to go touching something venomous or disturbing them when i shouldn't.

Any advice would be brilliant :)

Thanks in advance",0,2,2015-01-13 06:29:02-05:00
2qkkzw,Savannah monitor diet... Just wondering what everyone is feeding their Savannah... what has proven to be the best diet for you?,11,1,2014-12-27 18:36:35-05:00
2qf85m,Dumpy frog green spots ,2,10,2014-12-26 00:15:16-05:00
2p8q82,Frog Eats in Slow Motion ,3,3,2014-12-14 01:31:23-05:00
2lupi8,"This is Diabetes, one of my American Toads. ",2,12,2014-11-10 07:06:54-05:00
2lfizr,"Anyone have any experience with Eastern Spadefoot? Or links of personal experience not just a care sheet? I've been keeping an eastern spadefoot and just wanted to hear from others that have as well. They aren't super exciting as they're secretive and in my experience only come out at night after I simulate rain.

Been feeding it crickets so far.",2,2,2014-11-05 20:54:42-05:00
2ldxc3,Taking Snakes Outside Hi my friends want to do a photoshoot with some ball pythons. The temperature here is in the 50 and probably rainy. I am wondering if it is safe to have them outside and for how long?,4,1,2014-11-05 12:55:15-05:00
2kqt0y,Tiliqua scincoides scincoides - Eastern Blue Tongue in the wilds of my back yard. [Sydney - NSW Australia] ,0,3,2014-10-29 22:37:57-04:00
2fle42,"weekend in PR was to meet my SO's parents, but WOW do they have a lot of different anoles! ",2,8,2014-09-05 19:16:02-04:00
2fbf93,"Crested Gecko eating more crickets than repashy? My sister just got a crested gecko last week and we have noticed that he/she eats more crickets than repashy. Is this a normal thing because I know most online sites say that they eat considerably more fruit than crickets, or am I wrong? 

What are your thoughts?",1,3,2014-09-02 21:46:18-04:00
2dne2l,"Beautiful specimen outside of a cave system in Puerto Rico, please help me ID! ",1,6,2014-08-15 13:14:16-04:00
2ctwra,"Providing shelter for lizards/geckos on porch In south florida. I enjoy have some young looking brown anoles, gecko, and curly tails that use my porch as a safer area to find food etc. My problem is I like to keep the area clean and that disturbs them quite a bit in terms of hiding spots. 

Does anyone have any recommendations about things I could put together to offer them shelter? I realize those three types may have different needs from one another. ",0,2,2014-08-06 18:33:32-04:00
2ca7cy,"Yes, he was behind a fence! ",0,3,2014-07-31 18:34:43-04:00
2c2fko,Northern Water Snake sunbathing in my garden. ,0,7,2014-07-29 14:51:08-04:00
2826w6,Plastic tub enclosure question I am working on creating plastic tub set enclosures for my 3 ball pythons. I was wondering if people have had issues with the snakes getting out of the enclosures and if so what would be some ways I could prevent that?,3,1,2014-06-13 12:05:22-04:00
27wquf,Kaiju loves his eggs! (0.0.1 Heloderma horridum) ,0,3,2014-06-11 17:06:06-04:00
258sj0,0.1 Aspidelaps lubricus cowlesi. You're welcome. ,1,2,2014-05-10 19:51:08-04:00
250ypd,"What is this frog? It's an albino, found on whidbey island. Looks like a North Pacific tree frog but it's albino. More pics if needed. And regulars for comparison. ",0,2,2014-05-08 04:16:57-04:00
24zd5p,"""Kaiju"" update, by request. ",10,12,2014-05-07 16:34:47-04:00
241684,Walked in on what I think might've been a breeding/mating ball (green water snakes I believe) ,0,4,2014-04-26 10:39:16-04:00
23z7rj,"Lizard trapping - advice, rigs? Hey all. I was attempting to place some ""lizard traps"" to capture some of the more skittish lizards that I can't seem to get close to. Anyway, I wanted to know if anyone had done something similar? I'm using [this technique](https://www.youtube.com/watch?v=wsx8aWA1dIQ)

How long should they be left for? What sort of areas should they be put in? I'm using 3 adult crickets as the bait. ",4,2,2014-04-25 15:58:10-04:00
23gx9c,Help identifying this Salamander? I think it's a Northern Slimy but not sure. ,5,6,2014-04-19 18:54:02-04:00
23b61s,"Roach hive problems I initially had over a thousand turkish cockroaches in a plastic rubbermaid tub with 2 4x4 screened vents. The roaches are doing well with proper heating provided by a heat tape on one side while the food and water crystals are on the other. I've had this colony for no more than two and a half months and have been noticing some peculiar symptoms. My roommate and I sometimes become lightheaded and sense that the flat's air is 'stuffy'. When my dad stopped by he thought there might be a gas leak. The ventilation in my apartment is poor but I was wondering if it could be the hive? I was reading that mold develops on the egg cartons which they colonize. I checked this by turning over layers of cardboard and saw possible signs of mold. While checking for mold, I became lightheaded and a little dizzy. I suspect that it could be the mold but would like another's opinion. ",5,2,2014-04-17 18:52:35-04:00
21y7gj,"SPRING?! It may be spring when you find yourself looking at the road far more than you usually would on the rural roadways.

ROAD CRUISING WHILE DOING STUFF WHERE YOU HAVE TO TRAVEL!",0,2,2014-04-01 15:35:49-04:00
21ate0,"Conditioning & Trust Building exercises with 0.0.1 Heloderma horridum, ""Kaiju"". ",4,9,2014-03-25 01:28:24-04:00
219gru,Surveying Herps of Virginia Vernal Pools- Blogpost ,0,5,2014-03-24 16:57:33-04:00
219z92,"Amphib. Egg Mass ID Help What are these from?
Location:  Fairfax County, Virginia.  Found on land 3 feet from vernal pool where spotties, wood frogs, and newts live.
Date:  Found 3/21/2014
Size:  Each sphere 2mm.  Total egg mass width: 2.5 inches
",1,1,2014-03-24 19:52:34-04:00
1zc1jy,"0.0.1 Heloderma horridum, ""Kaiju"" ",3,9,2014-03-02 03:45:57-05:00
1ykk3m,anyday now I will be finding spotted egg sacks :) ,4,9,2014-02-21 16:41:30-05:00
1v7har,"Herping in FL I'll be visiting the Daytona area at the end of this month and would like to find some species that we don't have here in New England.  Does anyone have suggestions of where to go?  I won't be able to bring my waders with me on the plane, so somewhere that has a shore and not a heck of a lot of gators would be great!  Usually I just poke around the cemeteries.

Edit:  And how careful do I have to be to watch out for gators?  I'm not used to being around dangerous reptiles...",5,2,2014-01-14 13:24:28-05:00
1v4w7k,"For those who herp in Illinois, what is a good place to find all types of snakes and lizards and where is it? I plan on going herping this summer and I want to go wherever I have the best chance of finding all sorts of reptiles/amphibians.",2,0,2014-01-13 16:12:55-05:00
1syjp0,"Panther Chameleon cage full of bugs My sweet panther chameleon of 2 years has a bunch of bugs (look like fruit flies) in his cage. I'm not really sure how to deal with it, the guy at my local store said to use this http://www.scotts.ca/smg/goprod/ortho-hdm-fly-killer-strips/prod10100082/ but I'm a little skeptical about it being safe for a chameleon. The flies are escaping the cage when I open the door and are all around my apartment now so I'd like to kill them at the source. He told me if I wanted to I could open the package a little bit to not get the full effect of hanging the whole thing.",4,2,2013-12-15 16:56:18-05:00
1r8yej,"Our turtle's got elephant eyes, what's wrong with him? ",5,2,2013-11-22 17:26:52-05:00
1qxx16,"Need advice on overwintering a painted turtle (x-post from r/turtle) I have a painted turtle that lives in a 100g stock tank, outside during the summer and in my basement during the winter. For the past two years the basement where he lived stayed pretty cool (40-50 f), so even though I provided a heat light he wasn't very active and didn't eat much. He seemed to stay in good condition though, so I figured his metabolism had slowed to near hibernation. I moved last August and suddenly his appetite seemed to drop off. He ate really well the first half of the summer, but he's hardly eaten at all the last two months, so I'm afraid whatever stores he has may to be getting low already. The basement where he'll be staying this year is warmer, about 60f on the coldest day so far, and I'm worried  that it's too warm for his metabolism to slow down, but not warm enough to make him want to eat. Should I try to warm him up and get him eating again, or try to get him closer to his natural habitat and cool him down? I have a root cellar that seems to get pretty chilly without freezing I could move him to if that would be better. Thanks for your help!",1,2,2013-11-18 20:25:12-05:00
1pixd6,"What causes black sores and lumps on green anoles? I recently saw a green anole, dead :( that was bright green, brighter than usual and had these black gross looking sores all over his body, he also had some lumos on his tail. If you have any ideas please let me know and give me suggestions on how to prevent it. Just seeing it made me paranoid about my reptiles.",0,1,2013-10-30 03:13:06-04:00
1nxtym,"Selling Captive Breed BarredTiger Salamanders In New Jersey, it is illegal to sell or keep Eastern Tiger Salamanders. Would it be legal to breed and sell captive bred Barred Tiger salamanders?",1,2,2013-10-07 18:04:14-04:00
1nfbn6,"How do you guys treat scale rot? I work at a pet store and one of our water dragons has what I believe to be scale rot, I believe this based on the pictures of scale rot I've seen so far. Basically she has these weird lesions on her body, it almost looks like a grey ""zit"". We've contacted a vet and we're waiting to hear a response. But in the meantime, what is the best way to treat her? We have her in a clean tank with paper towels, fresh water everyday, and fresh veggies. I've seen some people like to use a benodine/iodine solution. Opinions?",6,3,2013-09-30 02:39:12-04:00
1n1mz1,Any idea what type of spiny tailed iguana this is? ,2,7,2013-09-24 14:28:42-04:00
1magp8,can anyone guess the species?!? hint: it is native in North Carolina :) ,7,2,2013-09-12 22:17:50-04:00
1m9ehv,poor frog!! ,4,8,2013-09-12 14:07:27-04:00
1lxg6y,Eastern Newt (red eft) ,4,13,2013-09-07 15:20:15-04:00
1k5iuo,"Found in the Texas hill country near lake Buchanan, any ideas? ",4,6,2013-08-11 13:36:31-04:00
1jwokq,"This is Lizard Bro, I need tips on how to keep his enclosure humid with out causing standing water. ",6,10,2013-08-07 16:25:22-04:00
1jd0m1,"What size cage should I get? Hi I have always wanted a snake (I've had many lizards all my life) and I'm now about to buy one, I am going to purchase a captive bread red tailed boa from the pet shop that is near my house, I was wondering what size cage I should buy so I never need to change it as the boa grows. 

Thanks for your help in advance!",3,1,2013-07-30 13:34:54-04:00
1iu33d,Can someone ID my little friend that I found in my back yard? ,12,3,2013-07-22 16:17:24-04:00
1i50dt,"Never think your corn snake has finally stopped moving so you can take a picture. He is peeing on you. I have a three year old corn snake and an almost year old leopard gecko. I hold and interact with my gecko Saphira fairly often, but haven't held my corn snake Bradley much lately. I picked him up today and he was pretty skiddish from the get go. I brought him over to the couch and he spent 4-5 minutes trying to escape in to the cracks. I finally got him to curl around my hands instead of stretching out, and then he crawled under my knee as I sat cross legged. He decides to cross at the front of the couch and passes all the way along my legs and then begins to cross the couch again. He crawls inside of my hand (palm down, fingers extended), pushes with his nose gently against my fingers for me to let him through, then proceeds about 4-5 inches (out of his roughly 3 feet). He stops and poses, I struggle to get my phone out of my pocket without disturbing him. Right as I turn my phone on, the top of my foot felt a squirt of liquid and then I heard the awful pooping sound. It was yellow, brown, wet, and awful.",0,4,2013-07-12 02:44:39-04:00
1hqied,So who uses a thermostat for their vivs and what are some good brands to look at? ,1,3,2013-07-06 01:39:55-04:00
1hbw59,Texas spiny lizard and coffee spill... ,0,10,2013-06-29 17:20:26-04:00
1hbsft,A plateau tiger whiptail in hiding... ,0,2,2013-06-29 16:20:12-04:00
1gqyps,"is this another ameiva lizard?? corcovado national park, costa rica ",2,5,2013-06-20 16:02:07-04:00
1gqxkm,"any ideas on this really small lizard, maybe 4-5 cms, only image, corcovado national park, costa rica ",1,3,2013-06-20 15:48:36-04:00
1ghhql,"whats this lizard? corcovado national park, costa rica ",2,3,2013-06-16 21:02:40-04:00
1fz2w5,"Herps, what do you feed your beardies? Also, do you use a vitamin supplement alone or with calcium?",3,3,2013-06-09 04:57:19-04:00
1dz3ij,"I just got a juvenile veiled chameleon. I've been reading multiple sources which say to mist the cham anywhere from a few times every day to once a week or so. Need advice! Just some other info: she's around a month or so old. About 6"" long. I have a live golden pothos in the enclosure with her. What are the optimal misting guidelines to keep her well watered? I don't have any other water sources besides the plant and mister. No drip systems.

Her enclosure is a 18x18x36 wire mesh cage.

Mister is one of the large bottles that you pump air in to and spray a fine, constant mist.

Thanks!",7,3,2013-05-08 22:01:38-04:00
1dcvs9,Found this Thamnophis sirtalis sirtalis hanging out in the sun over the weekend! ,0,18,2013-04-29 15:35:12-04:00
1c1sjk,"My favorite of all my baby Crested Gecko pictures. :) Meet Sunflower, the Red Dalmation baby. ",0,10,2013-04-10 03:02:09-04:00
1byp58,I Breed Leucomelas. Recently Traded a Pair I Raised for Three of These Little Guys. ,8,20,2013-04-08 22:30:31-04:00
19z7st,Farming Crickets.... My gf and I are getting ourselves a Gecko. My question is does anyone know of a good way to farm crickets so we don't have to buy them at the store every few days? We have a small tank to house the crickets we get and cricket/insect food to feed them. I figured they would just breed naturally but is there anything else we can do to help them along/better our chances?,0,1,2013-03-09 12:30:34-05:00
1911rv,Red Amazon Tree Boa (Corallus Hortulanus) - One of my favorite species of snake to keep ,0,11,2013-02-22 11:56:52-05:00
17a2vs,Beardie Chilling ,5,19,2013-01-25 16:46:31-05:00
16w7uo,"What's a fairly easy snake to take care of? I'm not exactly new to reptiles, but I'm not an 'expert' in herps. I have a corn snake right now that I've had for 2 or 3 years, and I've also had ball pythons and leopard geckos. I've been wanting to get a new snake recently, but I'm not sure what I should get.

I'd prefer something bigger, maybe around 5-8 feet long. Any snakes you recommend I will do the proper research for and make sure I have the necessary supplies, so don't worry about that. :)

I'd like a snake that's docile and easy to care for, really.

So, any ideas?",17,3,2013-01-19 16:24:39-05:00
15xq4q,"Meet my green anole, his name is Godzuki! ",4,11,2013-01-04 00:53:40-05:00
14uv8l,"Trying to decide what kind of lizard to buy, leaning towards chameleon-- any suggestions for a first time lizard owner ",9,5,2012-12-14 14:34:01-05:00
144kl0,Christmas cutie ,3,11,2012-12-01 19:09:16-05:00
12irh9,"new red ear slider I recently got a hatchling sized red ear slider. A kid found it a brought it to my wife (teacher) . I'm currently trying to keep it alive and well. Any advice will be welcomed. [Tommy](http://i.imgur.com/ThcOW)
",11,5,2012-11-02 12:42:53-04:00
11mgmy,My friend makes these ,3,10,2012-10-17 06:20:38-04:00
11ji8z,Introducing my pets to eachother! ,2,13,2012-10-15 20:15:36-04:00
10tm97,Albino and pastel turtles ,3,10,2012-10-02 12:21:11-04:00
10lr73,"Found a dying lizard on the floor, can it be saved? Two days ago I got back from out of town and noticed a small house gecko on the floor. I just left him alone cause I see them all over my house and figured he was just doing his thing. Next day he was in the same spot so I figured he was dead but I touched him and he moved. I still left him alone figuring it was best to not do anything. Anyways today I checked and he's still there and still alive but looks very weak and appears to be dying slowly. It's very small so I can't really touch it and it has a small wound on its neck.

It seems to have it's neck in a weird position as if there is a neck injury, and it keeps it's neck that way no matter what. Seems like maybe a spider or something attacked it as the wound looks like a bite mark of some sort.

I put a drop of water near him and he jerked and a black thing came out of his mouth (I assume.)

Anyways, before I put the little dude out of his misery is there anything I can do? I put him under a heating pad and gave him some water but he isn't drinking anything or I can't tell. 

I don't know shit about lizards so maybe someone can tell me. It's very small and seems kind of skinny so I'm assuming he's just going to starve to death.

I'll edit and upload some pictures in a second.
Also I only posted here cause this placed seemed to be the most active.

http://i.imgur.com/b7jJn.jpg
http://i.imgur.com/9OjMa.jpg
http://i.imgur.com/BkxMI.jpg

Don't know how to do line breaks sorry.
",3,8,2012-09-28 00:22:15-04:00
10l693,xpost form r/aww Baby beardie was helping with the laundry this morning ,3,9,2012-09-27 18:37:23-04:00
10d8cw,He thinks he's a king. ,0,8,2012-09-23 20:29:47-04:00
z7id6,"No love for my little guy in r/aww, maybe herps will show some love! ",2,27,2012-09-01 20:24:47-04:00
z4x55,Rescued Ball-found on the street without a home. ,2,8,2012-08-31 10:29:21-04:00
z4goc,Herps doesnt care for my RTB much.. So how bout Merlin the BP?? ,3,7,2012-08-31 02:28:13-04:00
yvvhh,red tail boa out in the grass. ,0,7,2012-08-26 23:06:33-04:00
yvnu0,my red tail boa before a shed. ,2,2,2012-08-26 20:58:04-04:00
yk7i2,"Newest addition yet, bumble bee ball python.  Love at first sight. <3 ",2,10,2012-08-20 23:06:17-04:00
yc20w,New Baby Bearded Dragon ,0,6,2012-08-16 15:04:40-04:00
y9vk0,A Uroplatus henkeli from a recent trip to Madagascar! ,2,9,2012-08-15 14:33:15-04:00
xjtq3,can any one tell me what kind of turtle this is ? common and scientific name please ,2,5,2012-08-02 01:49:58-04:00
xa4r8,My garter snake Osiris ,1,10,2012-07-27 22:38:07-04:00
wwg7l,"Considering an iguana, looking for terrarium ideas to build. What did you do for your lucky lizard, and do you have any suggestions for mine? I REALLY want an iguana. But when I look at the 'terrariums' people sell in stores.. its a freakin aquarium, and it'll only last my little bugger a few months MAYBE a year at most. I was hoping some of you would share your ideas as to what you did or maybe a friend did for your lizard friend? I want to build something that will house him till hes the longest he can be (6 ft I believe) so I know it'll have to be big. I also want to be able to see him when he is in his cage, but I cant have the netting, or chicken wire if you will. I live in AZ so the cage needs to be able to hold some humidity. Thank you!",11,3,2012-07-20 20:08:21-04:00
wwclq,"Hey reddit I have some gecko questions. After looking around and doing some research I have decided to get a gecko but before I did I wanted some real opinions. It seems like not matter where I got almost a copy paste statement explaining why a gecko is the perfect pet. I also another opinion based question. I think I have narrowed the species of gecko to white lined or crested. I think they both look great though I do prefer the crested they just seem a little fragile. 
I know that was kind of long and I rambled but thank you in advanced.

tl;dr: Opinion on geckos as pets and White lined vs. crested",6,3,2012-07-20 18:59:11-04:00
wl0jr,Getting Crested Geckos! Im getting Crested geckos (possibly two) and need some pointers on them! Anything will help! I eant to know what substrate you reccomend and i do not want to use paper towels because i want a natural look. Is repticarpet okay? Also how do i gut load a cricket for them to eat when im not using CGD? Thanks guys! This my first post!,13,1,2012-07-15 02:00:07-04:00
vqo7g,Guess who loves fruit ,4,5,2012-06-28 10:03:30-04:00
v3o3q,I found a pleasant surprise in my pool.. ,1,6,2012-06-15 12:59:35-04:00
uv98g,"Help ID-ing this lizard?  Hey guys, I was wondering if any one knew what kind of lizard [this is.](http://imgur.com/uwWAP) We live in central Arizona. Yesterday I saw a large orange lizard in our front yard, but it ran too fast for me to snag a pic. Then today, I see this one. I was thinking maybe a spiny lizard of some sort? Sorry for the poor photo quality, it was taken with a cell phone.",8,3,2012-06-10 19:23:57-04:00
ur7jz,Thinking about getting a water dragon? I saw one of them at petco about last week and decided I wanted to get one. I did a lot of research online but I still am unsure about some things regarding their living arrangements. It says that they need to have a least twice the length of their body (which would be at least 4 feet long). Also I could use some advice of what to put in the cage and the humidity and what not. Thanks for any help in advance!,2,3,2012-06-08 02:25:25-04:00
udq4r,"Can anyone help identify this lizard? Hi! My parents live in Indonesia (Java, if that matters) and they found a lizard in the garden which they would like identified out of curiosity.
They described it was a darker colour (brownish) when it was on a tree, and green when it was on the fence. They also said it had a very long tail.
Now I absolutely don't know anything about herpetology but a bit of googling came me to believe it is a [Bronchocela cristatella](http://en.wikipedia.org/wiki/Bronchocela_cristatella), but it apparently doesn't have a really dark spot behind the eyes and it wasn't threatened when it was brown. It also puffed the neck as you can see in picture 2 when my parents came close.

Pics [here](http://imgur.com/a/qtoea)

Does anyone have an idea what it could be?",4,4,2012-05-31 07:48:14-04:00
u091e,"I found this salamander in San Bruno, CA. He was about 3 inches long with green eyes and he was a light brown color. Could someone ID him for me? Thanks! ",1,2,2012-05-22 21:22:36-04:00
twwj5,"Someone turned this in to the shelter I work at, telling us it was a copperhead. The vet ID-ed it as a rat snake and released it near her barn. ",3,11,2012-05-20 22:40:10-04:00
rh96x,"Newts in my apartment complex? I'll try to get a picture up soon but right now I only have words to share.  It has been raining in California recently.  When I left my apartment in Santa Clara the other day I found a newt on the sidewalk!  I have never seen a newt more than 100 yards from a stream or in generally moist areas.  I didn't think my apartment complex was amphibian friendly.  Are there newts hiding in the bushes surviving with what moisture the sprinklers provide?  Iirc some frogs in Africa can go into suspended animation during dry periods, did my newt do the same?

Tl;dr I found a newt where I didn't think newts live.  Is it a zombie?",5,3,2012-03-28 03:35:06-04:00
qqgga,One of my lovely Berber skinks ^^ ,0,10,2012-03-10 12:48:49-05:00
qj78u,"Do you know about Day Geckos? If so I need your help. I am in the research phase of designing a video game where the player plays as a Madagascar Day Gecko. I am hitting some walls however and am hoping some knowledgeable redditors can help me. The knowledge I seek on the animal is inexhaustible but I made a list of the most urgent things. 

What are its senses like? How well does it smell with the nose? Does it smell the air with its tongue?

What do males do when they encounter each other in the wild? Do the have a ritual? How do they fight each other?

What do their calls sound like? What do their mating calls sound like? Actually how many sound can they make?

How fast are they generally? How fast are they when trying to get away. Does breathing require them to stop after (x) steps or (x) amount of running. How active are they generally. Do they hunt food or do they wait and ambush?
How much time do the spend on the ground? How dangerous is it for them to be there? Are they mostly tree dwelling?

What are their natural predators? What is their pray? What is the name of the foliage in the area? What fruits do they eat? What nectar do they eat? What animals coexist with them in their environment? What do they do to combat predators?

What is their mating ritual? Do they have any relationship with their young?

What are all the meanings of their color changer?

Can't think of any more for the time being but if you can answer any of these that would help me a lot.

Also please refrain from ether linking to or answering from wikipedia. Been there done that. If you can point me to a great source of information that would be awesome. Well that's it for now.

Thank you.

(I already x-posted in herpetology but that was surprisingly unfruitful)",6,6,2012-03-05 17:30:53-05:00
qg1am,"My beardie needs to have his nails cut, this is my first time doing this. I was wondering if /r/herps could give me some advice on this?",2,2,2012-03-03 12:03:08-05:00
qe3q2,"Male 5' Dumerils boa, Female guyanan 8' boa ",2,8,2012-03-02 00:29:19-05:00
qdw24,"some of my herps, not all *the red body blue bar ambilobe isn't mine* ",5,4,2012-03-01 21:35:37-05:00
plm1f,"Wrong on so many levels,i really can not believe this is legal ( x-post from r/WTF ) ",7,18,2012-02-11 22:25:13-05:00
pl46c,The dragons feed! ,0,12,2012-02-11 15:20:18-05:00
p28qm,my new cage i built myself ,5,13,2012-01-29 18:53:49-05:00
ozosf,My 7yr Old Iguana ,11,20,2012-01-27 16:50:48-05:00
ozpla,"Cages By Design Any of you guys own a cage by these guys? I live like 90 minutes away and could buy it and go pick it up (save $200 on shipping), but they still seem really expensive. My 7 year old iguana needs a new habitat.",6,1,2012-01-27 17:07:17-05:00
ov7ab,"My friends caiman, submitting for him because he's not that good in English. Basically a friend of mine got a caiman, before you ask, yes he does know what he's getting into. He has a lot of experience with reptiles and all sorts of animals. He's looked up all the information he could find, he prepared for it. The question is, does anyone know what the white spots are? He can't find it anywhere, he's asked on other forums but none replied except for the ""Do you even know what you're getting yourself into"". He's taking it to a vet soon, was just hoping you guys may know some more about the dots. Thanks in advance! Varir.",3,5,2012-01-24 18:41:19-05:00
ohvsn,"So I got a bearded dragon.. This is my first reptile, I've done a lot of research and I have a friend that has had reptiles for years who answers my questions if I have any, but honestly I was wondering, since there is a lot of misleading information on the internet, is there anything I should know about taming them?
I've been handling him for about 4 days now, I waited so he could adjust to his new living area. He's eating well, although he doesn't really seem to like greens yet, but I heard thats usual for juvenile beardies. I'm mainly looking for tips on how to tame them, or anything that you've learned from personal experience with bearded dragons.

Thanks in advance,

Varir",10,6,2012-01-15 05:49:00-05:00
ogw3t,"Heating Pad problems. So, this morning I went to check on my Ball Python and The heated side was at 55 F. I was majorly confused to say the least the heating pad was plugged in but it wasn't heating. So, I put my hand under his tank (which is a Sterilite tub it's pretty big he's currently a baby and I was going to save up money for a nicer tank once he was to big for the plastic tub.)
The heating pad wasn't warm at all and I felt hot pain that I had to pull my hand back. So, I took everything out of his tank, including him. Inspected the pad and I have no Idea how, but there is a tiny hole with wires poking out and I actually shocked myself. (I felt the heating pad up when it was plugged in).
I'm posting on here and hoping to get good advice. I'm going to buy a new heating pad (I have a Zoo Med Pad it's a medium size).
Is there another heating pad/brand I should get? Is there a way I could potentially fix the heating pad? I only had the heating pad for 2 weeks and it broke. . . And could have potentially start a fire. (On his cooler side I have a blanket under it and around one side I use it has a buffer between the window and his tank) The blanket was like 2 inches away from the hole.

TL:DR
Heating pad has a little hole where wires are sticking out. That shocked me and could have potentially start a fire. It's a Zoo Med pad (medium sized) and I've had it for only 2 weeks. I was using it on a Sterilite Tub (Asked multiple breeders and the guy I bought it from said it should be ok)
-What type of heating pad should I get for the plastic tub?
-If I can fix the heating pad, how can I?",5,2,2012-01-14 11:59:40-05:00
odwsk,Found these guys while doing archaeology work. Any idea on the species? ,7,3,2012-01-12 09:20:29-05:00
odfnk,video of (Kaa) my Green tree python eating a rat ,4,5,2012-01-11 23:00:13-05:00
odi2r,"Bruce my tame Red Tegu eating a live mouse.
 ",0,1,2012-01-11 23:53:40-05:00
nzgbg,"Pheonix! New Baby Corn, and already growing! (Album) ",2,8,2012-01-02 00:42:35-05:00
nuxa7,Meet Simcoe ,11,13,2011-12-29 09:25:52-05:00
npm5c,What is going on with this rattlesnake's mouth? ,9,7,2011-12-24 18:47:53-05:00
nmz9q,Enclosure suggestions? I need a 55 gallon enclosure for my beardie preferably with a side door of some sort. Any recommendations?,4,2,2011-12-22 14:49:51-05:00
ne1b5,"Stunning new large horned viper discovered in Tanzania, but biologists keep location quiet ",4,7,2011-12-15 13:12:12-05:00
n23h8,"Toki Wartooth, as a baby ball python ",2,6,2011-12-05 23:30:35-05:00
n1c1u,"""Vespa"", eating. 17 year old Colombian Red-Tail Boa. ",1,8,2011-12-05 13:05:42-05:00
mwhbs,"Confused new Leopard Gecko owner has questions Hi everyone, I love Geek to death, but I am confused by a couple of things and am wondering if I am being the best owner...
First of all Geek is just over five months old and was purchased from PetSmart.

1. How can I/When can I/Will I be able to tell the sex of Geek?

2. Geek does not seem to be nocturnal. At all times during the day I find him (I've elected to believe Geek is a ""he"" for now...) just hanging out on his rocks. Is this my fault? His room is quite chill-axing. There isn't much light and/or activity during the day. Is he confused? Right now he has two lights on his tank one red and one blue in addition to an under the tank heater. Is that messing with him?

I'm hoping to get him some crickets today (he's been on mealworms for a little too long as our pet stores ran out of the right size crickets for him) so he can get some fun hunting in tonight. Perhaps that will put him back on schedule.

Thanks for any help. :)",13,3,2011-12-01 14:39:37-05:00
mstg8,"Anybody know the size for a green iguana nesting box? Earlier this year my wife adopted what we were told was a juvenile green iguana from our local animal shelter. She had previously owned a male green iguana for about 14 years, so we thought we were prepared. Now, we're pretty sure that the new iguana is female, which could cause us some trouble down the road with egg-laying. We're trying to find good information on the dimensions for a nesting box, but it's pretty hard to come by. Most of what we have found is anecdotal, with no size figures. Our lizard doesn't like to be handled much at all (currently working on that, but training is slow), so we'd prefer a solution it can get in and out of by itself. It's current snout-vent length is approximately 10 inches. What's the minimum size we'd need for a nesting box for this year? How big would a more permanent solution need to be?",1,3,2011-11-28 21:40:46-05:00
mg9ea,... hey baby... I think you're on my side of the bed again!!!  ,0,8,2011-11-17 18:26:26-05:00
mevii,"need a bit 'o help w/ indoor setup for 2 red-foots during the better weather months we have a 6x6 and a 4x4 (for the little one) foot box outside in the backyard where they live, but now that it has gotten much colder, we've brought them inside.  we have 3 red-footed tortoises, 1 is tiny, and has her own glass tank, and the other 2 - they are about 7+ inches big, and they are now inside... 

what is the best environment that we can make for them in the winter? how do we keep it moist? what can we use for substrate that is easy to clean? what must we have that i may not know? we are pretty new to this... but have done considerable research. 
any and all advice greatly appreciated. ",1,3,2011-11-16 16:49:56-05:00
m68a1,"Agamas - Tsavo West National Park, Kenya
	 ",0,11,2011-11-09 11:37:52-05:00
ltt9m,"Fluker's Bearded Dragon Diet? I'm getting a bearded dragon next month and I got some Fluker's juvenile dragon food, so if I don't have crickets and salad on hand, my dragon won't starve.

 When I got out of the pet store I noticed that the ingredients didn't have insects, just chicken and stuff and it had ""Natural and artificial"" flavors and colors added. Does anyone know about this brand and if it's healthy for beardies?",5,2,2011-10-29 23:43:18-04:00
lp2nw,my new baby iguana (his name is Lewis) ,2,12,2011-10-25 20:21:12-04:00
lm7z0,Is this Forest Bed substrate from T-Rex ok for green tree frogs? [Here](http://www.t-rexproducts.com/products/substrate/forest-bed-singles/) is a link. I read that it was ok but I just fed my frogs and one of them got some in his mouth. He promptly wiped it out in a most hilariously cute way but I am worried it might harm him.,3,1,2011-10-23 14:36:22-04:00
lf8vt,"My Chinese Water Dragon Part 2
	 ",1,7,2011-10-17 12:26:31-04:00
lafho,"My Collection i have a bunch so I'll have a link for each individual

Western Hognose - http://imgur.com/Tb1HM

Albino Western Hognose (male) - http://imgur.com/oYQGU

Albino Western Hognose (female) - http://imgur.com/aGp1P

Madagascar Giant Hognose - http://imgur.com/m4k33

Albino Coastal Rosy Boa - http://imgur.com/j6vcI

Common Boa Constrictor - http://imgur.com/2QrdV

Blood Python - http://imgur.com/I1fDS

Mexican Black Milksnake - http://imgur.com/7yAiV

Children's Python - http://imgur.com/6vL8J

Apricot Pueblan Milksnake - http://imgur.com/PY1wo

Auratus Dart Frogs - http://imgur.com/QNVCW

Blue Bar Panther Chameleon - http://imgur.com/0DQR9

Argentine Black and White Tegu - http://imgur.com/u4XIq

Armadillo Lizards - http://imgur.com/hlhj9


and more to come...

Edit:  some of these pics are more than a year old, so if anyone would like to see more current pictures of them or have any questions about any of these animals feel free to ask and ill do my best to respond.",9,14,2011-10-12 23:55:47-04:00
lahbg,"What is your wish list?? I have been keeping snakes for over 3 years now, and even work in a reptile pet store, so i get to spend all day everyday working with them and I've had this list for a while, and have already started getting some of these.


Snow Hognose: http://imgur.com/kBHWQ

Superconda Hognose: http://imgur.com/2Veh1

Rhino Viper: http://imgur.com/V1uAU

Horned Viper: http://imgur.com/3Ozvh

Eyelash Viper: http://imgur.com/DbSFH

Variable Viper: http://imgur.com/li0mT

Red Banded Tree Viper: http://imgur.com/kTsKU

Hairy Bush Viper: http://imgur.com/6cWlY


none of these pictures are mine.
",6,2,2011-10-13 00:51:15-04:00
l7aff,My beardie Glaurung turned 1 this month! (More inside) ,3,8,2011-10-10 13:56:26-04:00
kym3q,My Chinese Water Dragon ,3,7,2011-10-02 16:15:57-04:00
kkzop,Twelve new frog species discovered in India ,1,4,2011-09-19 19:18:29-04:00
khzc1,African Bush Viper [x-post of an x-post from r/woahdude] ,3,9,2011-09-16 15:46:21-04:00
kedns,"How can I help my chameleon? Hi, I haven't had my veiled chameleon (Thor) for very long. He's actually my boyfriend's, but I'm watching him for now.

Anyway, I understand the finer points of taking care of him (food, water, habitat, etc.), but right now he's shedding all around his eyes and face, and I was wondering if there is anything I can put in his cage to help him out. As far as veiled chameleons go, he is actually pretty mean, so anything that does not involve touching him or scaring him would be really greatly appreciated.",4,3,2011-09-13 13:04:20-04:00
kcpxk,What kind of frogs are these? I found some in a field today behind my house. ,0,4,2011-09-12 00:02:49-04:00
k9el6,"My baby corn snake won't eat... Help?!? It's a baby cornsnake, probably a month or so old. It ate thawed frozen pinkies at the store where I bought her. According to the chart, she'd eat either the head or butt of the pinkie, or both. I tried feeding her, she wouldn't. I tried a few days later, same thing. Today I kept her in a warmed feeding container, tried feeding her after a bit, and still won't eat. She lives in an appropriately heated tank, but she does like to stay in her hide on the cooler side.
",6,3,2011-09-08 19:35:28-04:00
k2pif,"I bought a monkey tree frog. I was told it doesn't need a lamp or to mist it. But everything I read says not to mist it, give it a bowl of water, and it needs heat and uvb/uva light. Anyone have any experience with these guys ? 
",2,2,2011-09-02 14:18:17-04:00
j8a83,"Me and the late, great Alby ",5,6,2011-08-03 20:19:31-04:00
iwdso,Honey my uromastyx died =(  ,7,5,2011-07-21 21:15:10-04:00
isgp5,"HELP!! Anyone really know about African Dwarf Frogs?? I think mine is dying... =( Hello!

I had a couple (as in a male and a female) of Dwarf Frogs for about a year until about two weeks ago when the male (Froggo) died. 

They had both been doing great, I even caught them having some sexy times about a month ago, and then, out of nowhere, Froggo began to lose weight really fast... it seemed like the female (Frogga) was devouring all the food that I gave them, and although I did see Froggo eating, it seemed to not be enough, but I figured he was having some sort of odd sickness and would get better soon. I tried googling his condition, and found nothing. Then, one night he was swimming in the oddest way ever. I mean, I've had them for a year, so I've seen all the shenanigans they tend to do, but this was different. The biggest difference was that we was swimming upside down, and it seemed like he was being possessed or something (I know he wasn't possessed, but he just swam very oddly). The next day, I saw him in the morning moving and stuff, but when I came back in the evening, he was dead. 

Anyways... after he died, Frogga seemed to be doing just fine, until a couple of days ago when she suddenly stopped eating so voraciously, and has begun to lose weight as well. Today, she's swimming just as Froggo had been swimming his last night, and I'm afraid she might die soon. 

Does anybody know what is going on with them?? Is there anything I can do?? as of right now, I've taken her out of her tank, and I have her by me on my desk on a container with fresh, treated water, and lots of food to see if she eats. I don't know if this is the best idea, but I don't know what else to do. Can anybody help me?

Some background info: I have a 8 gallon tank with two Plecostomus, and the one frog after the other one died, so it's not like it is overcrowded. Neither of the frogs look any different from what they've looked like for the past year, other than having dramatically lost weight. The Plecostomus are fine. I clean the tank regularly, and the fishes and frogs are fed daily. 

[Edited some grammar mistakes and typos]

[EDIT 2] I just noticed that all her little superficial veins look really red... is that normal?

[EDIT 3] I uploaded a video I took of Froggo during his last night, when he was swimming all weird.. here it is: http://www.youtube.com/watch?v=OZd3WZOyvEk

[EDIT 4] I also uploaded a video of how Frogga is currently swimming... http://www.youtube.com/watch?v=eR0kNtJve38",10,5,2011-07-17 22:47:46-04:00
imm9n,advice for a n00b? so i want to get a leopard gecko. any advice on how to take good care of it? ive done alot of research so i don't need basic advice. im just asking for little tidbits you've learned along the way (if that makes any sense at all) thanks!,5,3,2011-07-11 14:28:18-04:00
if7eb,"Question about Blue Tongue Skink Feeding (noob/potential reptile owner) I've always wanted to own a pet reptile, particularly a snake when I was younger. After reading through some of the posts here and reading through a link to http://bluetongueskinks.net/ I think I'm going to be going with a blue tongue, largely because it's my first reptile and I'm a little squeemish about the idea of live food (I know, I know, it's silly, but it would make it easier to convince my landlord too). 

One thing I saw on bluetongueskinks.net was that you can feed your skink good quality catfood as it's protein intake. They mentioned mixing in the occasional silkworm or two, but I was wondering whether this was necessary or just a treat, and if necessary how I would go about storing the silkworms. (they also mentioned the cat food at several points *without* the silkworms, which is why I'm curious)

Thanks for your help, and any other advice you have would be appreciated too. I want to make sure I'm clear on what I'm getting into in buying a reptile (don't want to rush into things and end up harming the animal)",7,4,2011-07-02 16:43:46-04:00
i7e7n,Global Serpentariums Directory ,0,4,2011-06-23 14:50:59-04:00
i1ndo,My Bearded Dragon Eridan ,1,12,2011-06-16 19:11:07-04:00
i1d3l,I had one of these as a pet in elementary school and I love that I now live some where where they live outside my house! ,5,7,2011-06-16 13:07:51-04:00
hwwh5,R.I.P Fluffy ,1,3,2011-06-10 23:16:01-04:00
hwveh,My 3 year old red tail checking out his upgraded tank. ,0,3,2011-06-10 22:20:04-04:00
hs85p,"Just found this subreddit, here is a pic of one of my collection (Nephrurus amyae) ",0,6,2011-06-05 13:59:06-04:00
hrhxd,"x-post from /r/herpetology: Tarantula free to capable keeper (So. Calif.) I just received this abandoned [tarantula](http://www.flickr.com/photos/ray_in_la/5794782664/in/photostream), which I believe is some type of [Harpactirinae](http://en.wikipedia.org/wiki/Harpactirinae). She appears to be in good health, but was abandoned by someone when they moved out of an apartment in Orange County.",2,2,2011-06-04 09:58:26-04:00
hqmti,"I just got a chinese water dragon, any DIY setup tips? I need to make something for him to climb and something for him to hide in.  Also how much water would you recommend in his cage?

I have a 75 gallon tank. ",8,4,2011-06-03 04:01:57-04:00
hpneq,A few pictures from my friends shop ,2,6,2011-06-01 23:58:12-04:00
hony7,"Is there anyway around feeding an adult bearded dragon pinkies? I just started working in an R&D lab.  The company's protocol/coworkers state that I'm not allowed to come into contact with any rodents outside the lab.  I've recently quit working part time at Petsmart in order to comply with the new job's regulations, but the problem is I recently got a baby 1-2 month old, male(?) bearded dragon.

From what I've seen so far, a lot of the ""old school"" guides recommend giving pinkies regularly to adult bearded dragons, while newer sources seem to be against giving them to any dragons but breeding females.  

What's r/herps two cents?",13,6,2011-05-31 20:44:32-04:00
hmpjo,This is Felix! She is our beautiful Brazilian Rainbow Boa. ,9,17,2011-05-29 03:03:23-04:00
hjick,"Gargoyle gecko became aggressive suddenly.  Help? Hey guys,

I have a five year old male gargoyle gecko who's always been very sweet, but a little skittish.  I handle him three to four times a week, and change his water and food everyday with no problems.  Out of the blue, when I went to change his water today, he hissed and lunged at my hand.  This has never happened before, and I'm confused as to why he would suddenly do this.  He's alone in his enclosure, there have been no recent changes to his environment, and he's never shown aggression at all before.  Any ideas what caused it?  And what I can do to prevent it in the future?",12,4,2011-05-25 00:22:01-04:00
heure,"Guys, I have a friend who has two pet snakes and love snakes. What is a good gift to buy him? (Cost=<$20)  My friend is in his early 20s and a liberal male who loves snakes. What's a good gift to buy him ",8,5,2011-05-19 02:35:50-04:00
h9o3k,Late Night Surprise ,1,4,2011-05-12 06:24:22-04:00
h8jz4,I made a new cage for my 7 month old beardy! Tell me what you think! ,13,16,2011-05-10 20:37:43-04:00
h3jeb,"Just built a terrarium for my beardie. Need advice. I just built a 4'x2'x2' wooden box and an error in calculations has made light placement a problem. I'm trying to avoid dome lights sitting on top of the box and wired all my fixtures inside the tank. However, when I made my fake rocks I stacked them too high (glued and grouted in place) and had to place fixtures for the lights onto the side of the box and use [this bulb](http://www.exo-terra.com/en/products/sun_glo_neodymium.php). Because of the way I placed everything, the normal, wide dome bulbs will not fit.

It is only a 40W bulb and so far the temp on the basking spot is about 93 degrees. My question is, would two of these bulbs side by side possibly create enough heat to raise the basking temp a few more degrees? 

Here are some pictures I took for perspective. It was kind of hard to describe all that.

http://imgur.com/a/QYWHe#yr3nW

Edit: There is not a glass door on it yet so that could be letting heat out easier.
",11,5,2011-05-03 19:10:01-04:00
h1p05,My little Coral Cobra (Aspidelaps lubricus cowlesi) ,4,16,2011-05-01 20:14:16-04:00
h1r27,Just a garter snake I saw today ,4,11,2011-05-01 21:54:58-04:00
h1p12,Arboreal sidewinder ,4,9,2011-05-01 20:15:38-04:00
h1mu5,Saw a snake today. ,2,10,2011-05-01 18:21:25-04:00
h1p3b,"Advice on a snake for a younger kid My 8 yr old daughter has always shown an interest in snakes and has asked for one as a pet for a few years. In March she caught a small brown snake (no positive ID on what kind) and brought it home. We were not prepared to keep a snake, but we did manage to set up a small temporary shelter for it and add a little warmth with a small lamp. We were planning to get a proper habitat at the pet store the next day, but when we woke up the snake was dead. We have no idea if it was something we did or if there was just something wrong with the snake. In any case, my daughter was heart broken over it.

Now we've discovered a black rat snake living in a grown up area next to our house. This one we positively ID'd with a neighbor who works a lot with snakes at the local Natural Science center. It's somewhere between 3-4 feet at a guess and fairly stocky at an inch or more in diameter. In any case this is not what I would think would be a good starter snake. But, my daughter is even more eager to have a snake of her own.

From what I've heard, corn snakes are really good for beginners. Is that the consensus of /r/herps and what recommendations for the best information about taking proper care of them? Also is 8 too young to look after a snake in the first place?

Thanks!",3,7,2011-05-01 20:18:31-04:00
gwkk9,Sleepy Tortoise ,4,10,2011-04-24 18:53:32-04:00
gvcno,"My new hatchling ball python, Duchess ",4,8,2011-04-22 19:30:12-04:00
gupqm,"My Hogg Isle Boa today, at about 9 months old ",8,10,2011-04-20 15:18:13-04:00
gsi2l,"Need some fire skink advice! I'm thinking about buying a fire skink in the next few months. I'm moving my beardy from his 20 gallon long into a 4'x2'x2' enclosure I am currently building so I will have a vacant home.

I see that the main issue for them is humidity and I am not sure how I would go about ensuring the proper humidity is kept. If anyone could help me out in this regard I would appreciate it.

Thanks!",3,5,2011-04-18 00:14:18-04:00
gs6jx,"Meet Dixie, my 2 year old female Red Tail Boa. ",12,11,2011-04-17 14:37:11-04:00
gmx0i,"A better pic of my new boa. I've decided to name him Hermes =) http://imgur.com/4nxfz
",7,8,2011-04-10 17:41:55-04:00
gjopr,What should i name my new friend? ,13,9,2011-04-06 01:08:48-04:00
gjhc9,"I grew up with a love for snakes.  I have never owned one, but this place reignited my passion for these amazing creatures. ",1,7,2011-04-05 19:29:49-04:00
gj80w,"I got a new boa today. He still needs a name. He is a caulker cay boa. I got him from Ben Seigel reptiles. =) 
http://imgur.com/Uh1Gw
He looks more red in the photo then he is. He's actually really silver with some pink on the sides.",8,3,2011-04-05 13:13:34-04:00
gdzca,"Meet Habanero, the fire skink. ",6,13,2011-03-29 11:27:08-04:00
gdzks,"Zeus, the newest addition to our crestie collection ",2,7,2011-03-29 11:37:10-04:00
g796r,"Little bugs in my pixie frogs tank. About 2 months ago i moved my pixie from from his 10 gallon tank to a 20 long tank and went from using coconut fiber substrate to organic potting soil.  Everything was fine for a while and i was very pleased with how well the potting soil was keeping the humidity where i wanted it.  But about 3 weeks ago i noticed 100's of little tiny white bugs in his swimming bowl.  Lots of them were dead but lots of them were still alive and appeared to be hopping around on top of the water.  I clean his water out daily and it seems like some days its full of the little things and some days it isn't.  Well today i noticed a few flying around inside the cage and a couple crawling on his dirt.  At first i was thinking it might have been a parasite because they seemed to be in his feces but now im thinking it may be the dirt.  If thats the case why would it take them a month and a half to appear when i keep the temperature and humidity at 80-85 year around?  I just need to know if they are harmful and if so what steps do i need to take.  Also is there some kind of medicine i can get for parasites?  Any advice would be great since we don't have anyone that specializes in anything around here.  The best we have is college students working at petsmart that are barely smart enough to scoop a fish into a plastic baggy.  

[bugs](http://i.imgur.com/i6Fzf.jpg)... this is before i cleaned it out for today so don't think it is always that dirty.

[frog](http://i.imgur.com/whB94.jpg)... can anyone identify the sex for me?  its about 3 or 4 months old.


",2,3,2011-03-19 17:42:35-04:00
g44s3,My bearded dragons idol ,3,15,2011-03-14 23:34:21-04:00
fyjw7,Jack chillin after a two nights of escapee freedom. ,3,7,2011-03-06 15:20:30-05:00
fnsbh,Mangshan vipers: 'Dr Snake' bears fangs for conservation ,0,5,2011-02-18 03:54:05-05:00
fd8f1,Cool Picture of my Boa ,1,7,2011-02-01 13:33:09-05:00
fb3kl,Sri Lanka Antivenom Project ,0,6,2011-01-28 20:41:03-05:00
f57yw,The Venom Interviews ,4,6,2011-01-19 12:35:16-05:00
f2a1d,"Just discovered r/herps, so here is Frankie! ",4,12,2011-01-14 11:12:47-05:00
f1mxp,Bizarre species - Xenodermus javanicus. Anybody seen these in person? ,7,9,2011-01-13 11:45:09-05:00
f0m6p,potential first time reptile owner here considering a bearded or leopard as a starter.  thoughts and suggestions welcome! not sure if anyone is in here but figured I'd ask..  all ideas welcome.  thanks!,6,5,2011-01-11 21:11:49-05:00
eov64,It's Lindsey ,3,9,2010-12-20 12:53:33-05:00
ei8yr,Meet IndyKaa... 3 year old red tail boa. Cheesing for the camera ,0,3,2010-12-08 07:27:46-05:00
ecu1g,Can anyone tell me what this is? ,8,4,2010-11-28 07:06:21-05:00
ebzu9,Just found you  guys! Glad  to see there's a section for us herpers  :) ,5,6,2010-11-26 04:31:00-05:00
dpth6,Partially striped baby northern pacific rattlesnake ,3,4,2010-10-11 14:25:42-04:00
dptd5,Newborn Sidewinder ,2,4,2010-10-11 14:19:23-04:00
dmyn9,"Found this little fellow in Texas, help me ID? [PIC] ",2,5,2010-10-05 01:31:39-04:00
dkbwp,"My Chinese Water Dragon is looking a bit dark. :( Hi herps,

This is my first post here and I was wondering if I can get some help. So I'm taking care of a Chinese Water Dragon (Physignathus cocincinus) and recently his skin has turned from a normal forest green to a very dark greyish colour and he's been looking very sad.

I checked to make sure that he has plenty of food and water, and checked his lights and heat lamps in his cage and they were normal.

I looked it up on the internet and it seems that whenever they are stressed out, they kind of turn black. Recently our animals facility got a new giant lizard (I'm not sure its species) but she is over 3 feet long. We keep her in a cage next to the Chinese Water Dragon's cage. Would it be possible that the two lizards next to each other is causing problems?

Thanks.",1,4,2010-09-28 23:56:24-04:00
djvjf,Side-stabbing stiletto snakes - great article I came across about the Atractaspis genus' side swinging fang mechanism ,6,3,2010-09-28 02:51:56-04:00
dij27,"Herps subreddit logo I have no artistic abilities, but if anyone wants to make a logo for /r/herps, feel free to post them in this thread!",4,1,2010-09-24 18:20:07-04:00
di6ie,"Just got my 2 Crested Geckos home and situated, thought I'd share a few photos. ",4,8,2010-09-24 00:55:58-04:00
dh78q,My new baby Green Anaconda ,6,5,2010-09-22 01:15:27-04:00
dbrcn,Dr. Sean Bush - Snakebite in Africa; This looks good ,0,2,2010-09-09 16:25:31-04:00
dazjb,This makes me mad; glad they caught him - 95 smuggled boa constrictors burst from luggage at Malaysian airport ,3,5,2010-09-08 02:50:30-04:00
dazvj,My Ivory Albino Western Diamondback ,5,3,2010-09-08 03:27:29-04:00
daoxn,"my Iguana ran away I just recently moved to a new place and I had my iguana out last night to handle him and get him used to the environment. I got him out, and he scratched the shit out of my hand, so I set him down on my lap and he was cool for a minute.. then BAM! he jumps off me and ran down the hall.

I looked for him for about 2 hours last night and no avail.. I left his cage open and there is a ramp for him to get in and new food etc.

Has anyone lost a iguana inside and have any tricks to coax them out?

 ",4,2,2010-09-07 13:09:12-04:00
daiug,"Hey guys. I want a lizard that I can chill with, but not an iguana. Suggestions? I really like chameleons. Could I get a larger variety of chameleon and have him roam my small two room space when I'm hanging out, then put him back in his tank when I'm away? Other suggestions of cool lizards are encouraged. It's not so much that I want a lizard that acts like a cat or dog, but I just want something that can crawl around the room and eat flies while I watch tv or whatever.",11,3,2010-09-07 04:10:02-04:00
d8if6,The Aptly-Named Snake Island ,1,4,2010-09-01 23:10:43-04:00
d7uyf,"This is Carl, my hypo cornsnake. I am pleased with my first foray into the world of reptile ownership. ",5,8,2010-08-31 15:52:26-04:00
d6oa6,"Nekro and Psycho Gecko, our new breeding pair ",2,3,2010-08-28 17:41:26-04:00
d4732,"Need advice building and setting up a naturalistic ball python terrarium, please. I've had a ball python in a bare bones terrarium for about 1 year now.  He's getting a little big, and I'd like to expand and redecorate.  

Terrarium:     Since I've had him, he's been housed in a glass 40-gal tank.  Since I don't want to spend several hundred dollars on a new tank alone, I was wondering what materials would be suitable for building a new tank.  Clear plexiglass or something similar seems like the most economical material, but I'm concerned that the heating mat on the bottom of the terrarium might cause problems.  Has anyone built or seen a plexiglass tank with a heating pad?  problems?

Substrate:     For the most part, he's been on Aspen bedding, which is pretty easy to take care of.  I've been reading some online about a naturalistic substrate, specifically something consisting of several inches worth of material like peat moss.  From what I understand, a moist sublayer would provide humidity, as well as a habitat for bacteria that would digest small fecal particles.  This type of bedding would also allow my snake to burrow during shedding.   Once concern I have is that the thickness of the bedding might decrease the effectiveness of a heating pad...thoughts?  What types of bedding have you guys used for providing ball pythons or similar snakes with a naturalistic environment?  What sort of maintenance is required?

Decoration:     Right now my snake seems content with a log and a large water bowl (12"") for decoration.  I'd like to construct a larger hide box out of wood; any suggestions for materials to use/avoid?  He also seems to enjoy climbing more than most ball pythons i've seen, so i'll probably connect the hide box to a climbing feature of some sort.  Any other advice for features, such as plants or decorations?  He is about 4.5 feet long now, I'm looking to construct a tank about 6 feet long and 2 feet wide, so there will be plenty of open floor space.",3,3,2010-08-22 18:46:33-04:00
d1czu,"This place is a tiny bit dead. Show us your specimens! I subscribed to this subreddit a while ago, and to my dismay, it seems like a very, very quiet place. So how about we introduce each other to each other's various scaly friends?

I'm expecting to have my, er, collection dwarfed by others', but I'm quite curious to see what you keep.

My sole specimen is an *Elaphe obsoleta quadrivittata*, a yellow ratsnake, which I've had for approximately six years now. Beautiful snake, amazing temper, and [gorgeous](http://lhavelund.imgur.com/elaphe_obsoleta_quadrivittata/5RPx7). I expect she's about 5' now.

",1,3,2010-08-15 06:34:07-04:00
d1ap9,"Free Range Geckos for Roach Control? So, I live in NYC and I'm worried about my roach infestation.

I [posted](http://www.reddit.com/r/nyc/comments/cyh5s/how_do_i_win_a_war_against_cockroaches_in_my_new/) to /r/NYC to see tips for getting rid of the buggers. Unfortunately, most answers involved nasty pesticides with mixed-results and some advice to take rather extreme measures (like *moving*.) 

However, the top-rated comment was a suggestion to get a Tokay gecko or a Mediteranean house gecko, and allow it to live free-range in my house, feeding on the cockroaches until they seem to be gone, and then keep it as a pet.

I am allergic to cats (one of the other suggestions) but have always wanted a pet so this sounds like a potential two-birds-with-one-stone kind of deal.

Unfortunately, some brief googling didn't turn up a whole slew of sites letting me know how to act on this advice, so I'm wondering about its accuracy. [This](http://ask.metafilter.com/16090/Can-I-control-roaches-with-a-gecko) Ask-metafilter thread is the only other discussion of the issue that I could find, with people weighing in on both sides.

I live in Brooklyn. One or two of the roaches are huge - I estimate them at 4-5 inches. However, most of them are small - maybe 1 inch to an inch and a quarter long. 

I think I could keep the lizard(s) in the apartment - we have screens over all the windows and I stuffed steel wool into any of the cracks I found. The place is very small, and as of yet (we just moved) doesn't have very much furniture but we'll be introducing a couch and a table soon. (And someday - a cage? How big a cage will I eventually need?)

Is there anything unethical about this?

Anyways, I thought /r/herps might be able to help me out with some advice on this.

Nice name, btw.

**TL;DR** Can I let a Tokay gecko or other lizard roam free-range in my NYC apartment to get rid of my cockroach infestation?

**EDIT** So ... I'm hearing that this is a bad idea.

Damn. Anyone with a counter-argument?",0,4,2010-08-14 23:19:18-04:00
cx6ak,Lizards shed their tails! How? And why? ,0,3,2010-08-04 03:13:15-04:00
crt3d,"Crotalus atrox keeping question Curious who here has worked with C. atrox before? A friend of mine is offering up an Ivory albino (08) and a Caramel albino (09) atrox sexed pair he produced for a STEAL of a deal. I keep/have worked with other Crotalus spp, but I've never worked with atrox directly. Anyway, was wanting to get any feedback I can from others on their experience with them. Thanks! 


If if decide to get them, I'll most certainly post some pics of them on this subreddit. They are really stunners!",4,1,2010-07-20 18:50:05-04:00
cq9mb,Can anyone ID this snake based on the skin? ,9,5,2010-07-16 08:20:15-04:00
clhk2,Wow... Magpie Blood Python from VPI ,1,1,2010-07-02 20:10:40-04:00
cl5ge,New addition to my collection: Crotalus oreganus (Nothern Pacific Rattlesnake) ,3,3,2010-07-01 21:51:24-04:00
cl44f,"Found a tiny tiny tiny baby snake, what does it eat? The snakes is about 2 inches long, and all brown, I can't find anything through Google, besides rodents, and I know it's way too small for that, so anyone have any experience int his area?",7,3,2010-07-01 19:06:57-04:00
bm65b,New pick up today: Asian Vine Snake ,1,5,2010-04-03 22:28:17-04:00
bjgmd,Love this albino burm's pattern ,0,5,2010-03-28 20:16:01-04:00
bjgnp,BIG sausage of a gaboon viper ,2,3,2010-03-28 20:20:06-04:00
bjgl1,Sulpher Mojave Ball Python - Love how this thing looks! ,1,3,2010-03-28 20:11:40-04:00
ag9wp,Two Leopard Geckos ,1,3,2009-12-18 15:46:18-05:00
aeogm,Giant Red Tegu ,0,3,2009-12-14 18:30:08-05:00
aeolz,S373 Senate Campaign - Don't let the python ban move forward ,0,1,2009-12-14 18:47:02-05:00
aeoh4,"Various caresheets for reptiles (mostly snakes, few other things too) ",0,1,2009-12-14 18:31:29-05:00
abq6f,"Genetic Wizard - Pick genetic traits, see what the possible outcomes are ",0,1,2009-12-06 14:55:53-05:00
abdiz,"Great looking 11ft, 80lb Suriname RTB ",2,2,2009-12-05 06:01:59-05:00
1u07lr,"Hello! I really want to know a lot about the medical issues with any reptiles, ways to prevent it, and ways to treat it. I don't know if I'll have the money to become an exotic vet but I want to study everything I can. So if you guys have text books, free books for download, or any information on the different medical issues with reptiles, I would love to know.",0,0,2013-12-30 04:08:46-05:00
1qwvf3,Siren Aquarium Any tips on setting up an aquerium for a siren? Any examples?,0,0,2013-11-18 13:44:49-05:00
1n65jo,So I'm looking to become a reptile veterinarian and I wanted to know what are some fantastic books/papers written by herpetologists that contain information on disease and other illnesses and medication for those illnesses? Just wanted to see what you guys want to recommend.,3,0,2013-09-26 07:44:33-04:00
1m7rvt,"ran this snake over in the yard, can anyone help identify? Details in comments ",2,0,2013-09-11 21:02:11-04:00
1id2oy,My grass lizard has a fever...a Saturday Night Fever ,0,0,2013-07-15 16:20:15-04:00
1gqwqt,"is this a jesus christ lizard? corcovado national park, costa rica ",0,0,2013-06-20 15:38:36-04:00
1dwddb,"Help, I need to fly my RES from NY-LA hey guys - I'm moving for work this weekend and have to transport a cat and a turtle.  the cat (Eliott) is 16 years old and will be riding with me as a carry-on.  the turtle (Pete) is a red eared slider, and she's 9. 

i've been searching, to no avail, for any airlines that will let me bring Pete on board.  ideally i could have both Pete and Eliott with me.  

Have any of you transported your turtles across the country?  carry-on? underneath the cabin ([United PetSafe](http://www.united.com/web/en-US/content/travel/animals/default.aspx))? drove? shipped it ([shipyourreptiles.com](http://www.shipyourreptiles.com/))?

I'd love any help or advice.  thanks so much.",3,0,2013-05-07 20:22:21-04:00
19frlg,"I feel like one of few people who think normal BPs are more beautiful than morphs... Some of these morphs just seem like overkill and the amount of genetic defects that can arise trying to breed these things...all just for something that looks like an expensive blotchy turd? (no offense to anyone)

I'll admit I love pieds though. ",1,0,2013-02-28 21:28:48-05:00
j9bdv,"Can anyone identify this lizard(?), seen in croatia, curious what species (press prev for another view) ",3,0,2011-08-04 19:18:27-04:00
c6aba,"New Gecko subreddit!  Help me get it going by posting pics, vids, and care sheets! ",0,0,2010-05-20 09:02:44-04:00
1lbyrl,Almond Oil for Skin and Hair Care ,0,0,2013-08-29 10:30:34-04:00
